{
    "seed": 42,
    "metrics": {
        "avg_loss": 0.02806843401365446,
        "accuracy": 0.9838297094829161,
        "confusion_matrix": [
            [17988, 77, 41, 9, 3],
            [87, 460, 8, 1, 0],
            [33, 6, 1381, 25, 3],
            [20, 0, 17, 125, 0],
            [20, 1, 3, 0, 1584]
        ],
        "f1_macro": 0.9096909803669396,
        "precision_macro": 0.9133324089981386,
        "recall_macro": 0.9061143583005279,
        "specificity_macro": 0.9896772212225352,
        "f1_per_class": [
            0.9920035294766448, 0.8363636363636363, 0.9530710835058661,
            0.7763975155279503, 0.9906191369606003
        ],
        "precision_per_class": [
            0.9911836014987877, 0.8455882352941176, 0.9524137931034483, 0.78125,
            0.9962264150943396
        ],
        "recall_per_class": [
            0.9928248151010045, 0.8273381294964028, 0.9537292817679558,
            0.7716049382716049, 0.9850746268656716
        ],
        "roc_auc_ovr": 0.9914912880676161,
        "roc_auc_ovo": 0.9924182753933138,
        "model_size_bytes": 26059225
    }
}
